city,event_date,side,media_reports,events,participants_mean,participants_max,participants_min,part_violence,sec_engagement
Aachen,2015-12-12,pro-pegida,1,1,130,130,130,0,0
Aachen,2015-12-12,anti-pegida,1,2,2500,2500,2500,2,2
Aachen,2015-12-13,pro-pegida,2,1,130,130,130,0,0
Aachen,2015-12-13,anti-pegida,2,2,2500,2500,2500,2,2
Aachen,2015-12-14,pro-pegida,3,1,130,130,130,NA,2
Aachen,2015-12-14,anti-pegida,3,2,1500,2500,500,2,2
Berlin,2014-12-22,anti-pegida,2,1,21,30,12,NA,NA
Berlin,2015-01-05,pro-pegida,15,1,346,500,300,3,0
Berlin,2015-01-05,anti-pegida,20,2,4417,7000,1500,3,2
Berlin,2015-01-12,pro-pegida,9,1,422,600,400,0,0
Berlin,2015-01-12,anti-pegida,13,1,3492,5000,200,0,0
Berlin,2015-01-13,pro-pegida,3,1,450,500,400,NA,NA
Berlin,2015-01-13,anti-pegida,4,1,3575,4300,2000,NA,NA
Berlin,2015-01-19,pro-pegida,9,1,362,400,300,NA,0
Berlin,2015-01-19,anti-pegida,8,2,619,1000,200,NA,0
Berlin,2015-01-20,pro-pegida,1,1,400,400,400,NA,0
Berlin,2015-01-20,anti-pegida,1,1,600,600,600,NA,0
Berlin,2015-01-26,pro-pegida,1,1,550,550,550,NA,0
Berlin,2015-01-26,anti-pegida,1,1,1100,1100,1100,NA,0
Berlin,2015-01-27,pro-pegida,2,1,300,300,300,NA,0
Berlin,2015-01-27,anti-pegida,2,1,750,750,750,NA,0
Berlin,2015-02-01,anti-pegida,2,1,5000,5000,5000,NA,NA
Berlin,2015-02-02,pro-pegida,1,1,230,230,230,NA,0
Berlin,2015-02-02,anti-pegida,1,1,NA,NA,NA,NA,NA
Berlin,2015-02-09,pro-pegida,2,1,300,300,300,NA,0
Berlin,2015-02-09,anti-pegida,1,1,NA,NA,NA,NA,NA
Berlin,2015-11-19,anti-pegida,1,1,NA,NA,NA,NA,0
Berlin,2015-11-21,pro-pegida,1,1,700,700,700,NA,NA
Berlin,2016-01-23,pro-pegida,6,1,700,700,700,0,1
Berlin,2016-01-25,pro-pegida,1,1,700,700,700,NA,NA
Berlin,2016-11-06,pro-pegida,1,1,500,500,500,0,0
Berlin,2016-11-07,anti-pegida,1,1,800,800,800,0,0
Berlin,2016-11-26,pro-pegida,1,1,120,120,120,0,0
Berlin,2016-11-26,anti-pegida,1,1,200,200,200,0,0
Berlin,2017-01-17,pro-pegida,1,1,NA,NA,NA,NA,0
Bielefeld,2015-01-19,anti-pegida,10,1,8667,10000,2000,0,NA
Bielefeld,2015-07-20,anti-pegida,4,1,1000,1000,1000,0,0
Bielefeld,2015-09-21,pro-pegida,3,1,24,25,24,NA,NA
Bielefeld,2015-09-21,anti-pegida,2,1,3500,3500,3500,NA,NA
Bielefeld,2016-04-02,pro-pegida,3,1,25,26,24,0,0
Bielefeld,2016-04-02,anti-pegida,3,2,1500,1500,1500,0,1
Bonn,2014-12-15,pro-pegida,16,1,209,300,24,0,0
Bonn,2014-12-15,anti-pegida,12,1,2000,3000,800,2,2
Bonn,2014-12-16,pro-pegida,4,1,NA,NA,NA,NA,NA
Bonn,2014-12-16,anti-pegida,4,1,1600,1600,1600,NA,NA
Bonn,2014-12-17,pro-pegida,1,1,200,200,200,NA,NA
Bonn,2014-12-22,pro-pegida,8,1,262,300,200,0,NA
Bonn,2014-12-22,anti-pegida,8,1,2750,3000,2500,0,NA
Bonn,2015-01-13,pro-pegida,1,1,200,200,200,NA,NA
Bonn,2015-01-13,anti-pegida,1,1,2000,2000,2000,NA,NA
Braunschweig,2015-01-19,pro-pegida,4,1,262,300,250,NA,NA
Braunschweig,2015-01-19,anti-pegida,6,1,5500,8000,2000,NA,NA
Braunschweig,2015-01-26,pro-pegida,2,1,NA,NA,NA,NA,0
Braunschweig,2015-01-26,anti-pegida,2,1,NA,NA,NA,NA,0
Braunschweig,2015-02-02,anti-pegida,1,1,NA,NA,NA,NA,NA
Braunschweig,2015-02-09,anti-pegida,1,1,NA,NA,NA,NA,NA
Braunschweig,2015-11-09,pro-pegida,1,1,50,50,50,NA,NA
Braunschweig,2015-11-09,anti-pegida,1,1,1000,1000,1000,NA,NA
Braunschweig,2016-01-25,pro-pegida,1,1,50,50,50,NA,NA
Braunschweig,2016-02-01,pro-pegida,1,1,50,50,50,NA,NA
Braunschweig,2016-02-01,anti-pegida,1,1,300,300,300,NA,NA
Bremen,2015-01-26,anti-pegida,1,1,NA,NA,NA,NA,NA
Chemnitz,2015-02-02,pro-pegida,1,1,600,600,600,0,0
Chemnitz,2015-02-02,anti-pegida,2,1,325,350,300,0,0
Chemnitz,2015-02-09,pro-pegida,2,1,500,500,500,NA,NA
Chemnitz,2015-02-09,anti-pegida,3,1,600,1000,200,NA,NA
Chemnitz,2015-02-16,pro-pegida,1,1,200,200,200,NA,NA
Chemnitz,2015-02-25,pro-pegida,1,1,600,600,600,NA,NA
Chemnitz,2015-02-25,anti-pegida,1,1,250,250,250,NA,NA
Chemnitz,2015-03-23,pro-pegida,4,1,NA,NA,NA,NA,NA
Chemnitz,2015-03-23,anti-pegida,1,1,NA,NA,NA,NA,NA
Chemnitz,2015-07-20,pro-pegida,1,1,1000,1000,1000,0,0
Chemnitz,2015-07-20,anti-pegida,1,1,400,400,400,0,0
Cottbus,2015-02-11,pro-pegida,2,1,300,300,300,NA,NA
Cottbus,2015-02-11,anti-pegida,1,1,350,350,350,NA,NA
Cottbus,2017-06-27,pro-pegida,1,1,400,400,400,0,0
Cottbus,2017-06-27,anti-pegida,1,1,400,400,400,0,0
Cottbus,2017-08-15,pro-pegida,1,1,150,150,150,NA,NA
Darmstadt,2015-02-02,anti-pegida,1,1,600,600,600,NA,NA
Dortmund,2016-04-02,anti-pegida,1,1,NA,NA,NA,NA,NA
Dresden,2014-10-27,pro-pegida,2,1,500,500,500,0,0
Dresden,2014-11-03,pro-pegida,1,1,1000,1000,1000,NA,0
Dresden,2014-11-03,anti-pegida,1,1,300,300,300,NA,0
Dresden,2014-11-10,pro-pegida,1,1,1700,1700,1700,0,0
Dresden,2014-11-10,anti-pegida,1,1,300,300,300,NA,0
Dresden,2014-11-17,pro-pegida,1,1,3000,3000,3000,NA,0
Dresden,2014-11-17,anti-pegida,1,1,500,500,500,NA,0
Dresden,2014-11-18,anti-pegida,1,1,200,200,200,NA,NA
Dresden,2014-11-24,pro-pegida,1,1,5500,5500,5500,NA,0
Dresden,2014-11-24,anti-pegida,1,1,400,400,400,NA,0
Dresden,2014-12-01,pro-pegida,11,1,7500,7500,7500,NA,0
Dresden,2014-12-01,anti-pegida,10,1,1150,1500,1000,NA,0
Dresden,2014-12-02,anti-pegida,1,1,1200,1200,1200,NA,0
Dresden,2014-12-08,pro-pegida,20,1,9900,10000,8000,3,1
Dresden,2014-12-08,anti-pegida,19,1,9053,10000,7000,3,0
Dresden,2014-12-15,pro-pegida,14,1,13143,15000,2000,NA,0
Dresden,2014-12-15,anti-pegida,12,1,5930,6500,5000,NA,0
Dresden,2014-12-16,pro-pegida,2,1,15000,15000,15000,NA,0
Dresden,2014-12-16,anti-pegida,2,1,6050,6500,5600,NA,0
Dresden,2014-12-17,pro-pegida,1,1,15000,15000,15000,NA,NA
Dresden,2014-12-22,pro-pegida,22,1,17364,17500,14500,3,0
Dresden,2014-12-22,anti-pegida,21,1,4500,4500,4500,3,1
Dresden,2015-01-05,pro-pegida,26,1,16924,18000,2000,NA,0
Dresden,2015-01-05,anti-pegida,20,2,3569,5000,200,NA,0
Dresden,2015-01-06,pro-pegida,1,1,1800,1800,1800,NA,NA
Dresden,2015-01-06,anti-pegida,1,1,NA,NA,NA,NA,NA
Dresden,2015-01-10,anti-pegida,21,1,33429,35000,2000,NA,0
Dresden,2015-01-12,pro-pegida,30,1,24365,32500,2000,NA,0
Dresden,2015-01-12,anti-pegida,13,2,7025,8700,400,NA,0
Dresden,2015-01-17,anti-pegida,1,1,3000,3000,3000,NA,NA
Dresden,2015-01-25,pro-pegida,18,1,16522,18500,2000,3,0
Dresden,2015-01-25,anti-pegida,14,1,4786,5000,2000,3,0
Dresden,2015-01-26,anti-pegida,10,1,24500,40000,10000,0,0
Dresden,2015-01-27,anti-pegida,2,1,10000,10000,10000,NA,NA
Dresden,2015-02-02,anti-pegida,3,1,267,400,200,NA,0
Dresden,2015-02-08,pro-pegida,20,1,428,750,200,0,0
Dresden,2015-02-09,pro-pegida,10,1,1870,2500,200,NA,0
Dresden,2015-02-09,anti-pegida,4,1,400,400,400,NA,0
Dresden,2015-02-16,pro-pegida,6,1,5275,7300,4300,0,0
Dresden,2015-02-16,anti-pegida,5,2,380,500,200,0,0
Dresden,2015-02-19,pro-pegida,3,1,100,100,100,NA,0
Dresden,2015-02-23,pro-pegida,6,1,5022,5933,4800,0,0
Dresden,2015-02-23,anti-pegida,2,1,250,300,200,0,0
Dresden,2015-02-25,pro-pegida,1,1,4800,4800,4800,NA,0
Dresden,2015-02-25,anti-pegida,1,1,250,250,250,NA,0
Dresden,2015-02-28,anti-pegida,1,1,3500,3500,3500,NA,0
Dresden,2015-03-02,pro-pegida,2,1,6200,6200,6200,NA,0
Dresden,2015-03-09,pro-pegida,2,1,8625,10750,6500,NA,0
Dresden,2015-03-09,anti-pegida,2,1,475,500,450,NA,0
Dresden,2015-03-16,pro-pegida,2,1,7700,7700,7700,NA,0
Dresden,2015-03-23,pro-pegida,4,1,6125,8000,5500,NA,0
Dresden,2015-03-23,anti-pegida,4,1,433,900,200,NA,2
Dresden,2015-03-28,anti-pegida,3,2,325,475,200,0,0
Dresden,2015-03-30,pro-pegida,2,1,2900,2900,2900,0,0
Dresden,2015-03-30,anti-pegida,1,1,100,100,100,0,0
Dresden,2015-04-06,pro-pegida,3,1,7100,7100,7100,NA,0
Dresden,2015-04-13,pro-pegida,19,1,8789,10000,2000,0,0
Dresden,2015-04-13,anti-pegida,16,2,2650,10000,1000,0,0
Dresden,2015-04-27,pro-pegida,3,1,1554,3000,200,0,0
Dresden,2015-05-04,pro-pegida,1,1,2500,2500,2500,NA,0
Dresden,2015-05-04,anti-pegida,1,1,250,250,250,NA,0
Dresden,2015-05-11,pro-pegida,1,1,3000,3000,3000,NA,NA
Dresden,2015-05-18,pro-pegida,2,1,3000,3000,3000,NA,NA
Dresden,2015-06-01,pro-pegida,2,1,2000,2000,2000,NA,NA
Dresden,2015-06-08,pro-pegida,1,1,1500,1500,1500,NA,NA
Dresden,2015-06-15,pro-pegida,1,1,1600,1600,1600,3,0
Dresden,2015-06-15,anti-pegida,1,1,NA,NA,NA,NA,0
Dresden,2015-06-22,pro-pegida,2,1,1175,1450,900,NA,0
Dresden,2015-06-29,pro-pegida,2,1,1875,2250,1500,NA,0
Dresden,2015-07-13,pro-pegida,2,1,1500,2000,1000,NA,0
Dresden,2015-08-10,pro-pegida,2,1,3250,3500,3000,NA,NA
Dresden,2015-08-24,pro-pegida,1,1,3000,3000,3000,NA,0
Dresden,2015-09-07,pro-pegida,1,1,7600,7600,7600,NA,0
Dresden,2015-09-14,pro-pegida,1,1,5000,5000,5000,NA,NA
Dresden,2015-09-21,pro-pegida,7,1,7292,11250,5000,NA,0
Dresden,2015-09-22,pro-pegida,1,1,NA,NA,NA,NA,NA
Dresden,2015-09-28,pro-pegida,2,1,8750,9000,8500,3,0
Dresden,2015-10-05,pro-pegida,5,1,9400,10000,9000,0,0
Dresden,2015-10-05,anti-pegida,3,1,200,200,200,NA,0
Dresden,2015-10-06,pro-pegida,1,1,10000,10000,10000,NA,0
Dresden,2015-10-06,anti-pegida,1,1,200,200,200,NA,0
Dresden,2015-10-12,pro-pegida,4,1,8938,9000,8750,NA,NA
Dresden,2015-10-19,pro-pegida,22,1,17368,20000,15000,4,2
Dresden,2015-10-19,anti-pegida,22,2,15453,20000,10000,4,2
Dresden,2015-10-20,pro-pegida,1,1,20000,20000,20000,3,NA
Dresden,2015-10-20,anti-pegida,1,1,19000,19000,19000,3,NA
Dresden,2015-10-26,pro-pegida,5,1,8000,10000,2000,0,0
Dresden,2015-10-26,anti-pegida,4,1,1500,2000,1200,0,0
Dresden,2015-11-02,pro-pegida,6,1,8400,10000,8000,NA,0
Dresden,2015-11-02,anti-pegida,3,1,2800,8000,200,NA,0
Dresden,2015-11-09,pro-pegida,7,1,7143,8500,6000,NA,NA
Dresden,2015-11-09,anti-pegida,7,1,5429,6000,4000,NA,NA
Dresden,2015-11-16,pro-pegida,7,1,8429,12000,7000,NA,0
Dresden,2015-11-16,anti-pegida,5,1,900,1000,500,NA,0
Dresden,2015-11-23,pro-pegida,3,1,5000,5500,4750,3,1
Dresden,2015-11-23,anti-pegida,2,1,500,800,200,NA,0
Dresden,2015-11-30,pro-pegida,3,1,4000,4500,3500,NA,0
Dresden,2015-11-30,anti-pegida,1,1,24,24,24,NA,NA
Dresden,2015-12-07,pro-pegida,1,1,6000,6000,6000,NA,NA
Dresden,2015-12-21,pro-pegida,6,1,6667,8000,6000,0,0
Dresden,2015-12-21,anti-pegida,6,2,3167,4000,2000,0,0
Dresden,2016-01-04,pro-pegida,2,1,3750,4000,3500,NA,NA
Dresden,2016-01-04,anti-pegida,1,1,140,140,140,NA,NA
Dresden,2016-01-25,pro-pegida,5,1,3400,4000,3000,NA,0
Dresden,2016-01-25,anti-pegida,5,1,270,300,250,NA,0
Dresden,2016-02-06,pro-pegida,9,1,7556,10000,2000,0,1
Dresden,2016-02-06,anti-pegida,7,2,4000,6000,2000,0,1
Dresden,2016-02-07,pro-pegida,1,1,8000,8000,8000,NA,NA
Dresden,2016-02-07,anti-pegida,1,1,2000,2000,2000,NA,NA
Dresden,2016-02-08,pro-pegida,1,1,8000,8000,8000,NA,NA
Dresden,2016-02-15,pro-pegida,2,1,3250,3500,3000,0,0
Dresden,2016-02-15,anti-pegida,1,1,300,300,300,0,NA
Dresden,2016-02-22,pro-pegida,2,1,2750,3000,2500,NA,NA
Dresden,2016-02-29,pro-pegida,1,1,3500,3500,3500,NA,NA
Dresden,2016-02-29,anti-pegida,1,1,250,250,250,NA,NA
Dresden,2016-03-14,pro-pegida,1,1,3500,3500,3500,NA,NA
Dresden,2016-03-14,anti-pegida,1,1,300,300,300,NA,NA
Dresden,2016-04-04,pro-pegida,1,1,2300,2300,2300,NA,NA
Dresden,2016-04-18,pro-pegida,3,1,3033,3200,2700,NA,NA
Dresden,2016-04-18,anti-pegida,3,1,450,450,450,NA,NA
Dresden,2016-04-19,pro-pegida,4,1,68,100,24,NA,NA
Dresden,2016-04-19,anti-pegida,1,1,NA,NA,NA,NA,NA
Dresden,2016-05-02,pro-pegida,1,1,3500,3500,3500,NA,NA
Dresden,2016-05-16,pro-pegida,1,1,2000,2000,2000,0,NA
Dresden,2016-05-16,anti-pegida,1,1,200,200,200,0,NA
Dresden,2016-05-21,pro-pegida,2,1,50,50,50,NA,NA
Dresden,2016-05-21,anti-pegida,2,1,NA,NA,NA,NA,NA
Dresden,2016-05-23,pro-pegida,4,1,2525,2600,2500,0,0
Dresden,2016-05-23,anti-pegida,4,1,2125,2500,2000,0,0
Dresden,2016-06-20,pro-pegida,2,1,1800,1800,1800,0,NA
Dresden,2016-06-20,anti-pegida,2,1,24,24,24,0,NA
Dresden,2016-07-20,pro-pegida,1,1,NA,NA,NA,3,0
Dresden,2016-07-20,anti-pegida,1,1,NA,NA,NA,NA,0
Dresden,2016-09-26,pro-pegida,6,2,2126,2950,60,NA,NA
Dresden,2016-09-26,anti-pegida,3,1,60,60,60,NA,NA
Dresden,2016-10-03,pro-pegida,17,1,2631,5000,100,0,0
Dresden,2016-10-03,anti-pegida,1,1,200,200,200,NA,0
Dresden,2016-10-16,pro-pegida,10,1,7000,8500,5000,0,0
Dresden,2016-10-16,anti-pegida,10,1,200,200,200,0,0
Dresden,2016-10-17,anti-pegida,6,2,3417,5500,2000,0,0
Dresden,2016-10-31,pro-pegida,1,1,1800,1800,1800,0,0
Dresden,2016-10-31,anti-pegida,1,1,150,150,150,0,0
Dresden,2016-11-21,pro-pegida,2,1,2800,2800,2800,NA,NA
Dresden,2016-11-21,anti-pegida,2,1,240,240,240,NA,NA
Dresden,2016-11-28,pro-pegida,1,1,NA,NA,NA,0,0
Dresden,2016-11-28,anti-pegida,1,1,20,20,20,0,0
Dresden,2016-12-18,pro-pegida,2,1,3000,3000,3000,NA,0
Dresden,2016-12-18,anti-pegida,2,2,1400,1400,1400,NA,0
Dresden,2017-01-09,pro-pegida,1,1,2200,2200,2200,NA,NA
Dresden,2017-01-09,anti-pegida,1,1,100,100,100,NA,NA
Dresden,2017-01-23,pro-pegida,3,1,1800,2000,1700,NA,NA
Dresden,2017-01-23,anti-pegida,4,1,1000,1000,1000,NA,NA
Dresden,2017-02-06,pro-pegida,1,1,1600,1600,1600,NA,NA
Dresden,2017-02-07,pro-pegida,5,1,120,200,100,3,0
Dresden,2017-02-13,pro-pegida,1,1,NA,NA,NA,NA,0
Dresden,2017-02-20,pro-pegida,1,1,1800,1800,1800,NA,0
Dresden,2017-02-20,anti-pegida,1,1,200,200,200,NA,0
Dresden,2017-03-27,pro-pegida,3,1,NA,NA,NA,NA,0
Dresden,2017-03-27,anti-pegida,3,1,NA,NA,NA,NA,0
Dresden,2017-03-28,pro-pegida,1,1,2000,2000,2000,NA,0
Dresden,2017-03-28,anti-pegida,1,1,NA,NA,NA,NA,0
Dresden,2017-05-06,pro-pegida,1,1,200,200,200,0,1
Dresden,2017-05-06,anti-pegida,1,1,500,500,500,0,1
Dresden,2017-05-08,pro-pegida,2,1,2200,2400,2000,NA,NA
Dresden,2017-05-15,pro-pegida,1,1,2000,2000,2000,0,NA
Dresden,2017-05-15,anti-pegida,1,1,100,100,100,0,NA
Dresden,2017-05-29,pro-pegida,1,1,1600,1600,1600,NA,NA
Dresden,2017-05-29,anti-pegida,1,1,190,190,190,NA,NA
Dresden,2017-06-05,pro-pegida,1,1,1500,1500,1500,NA,NA
Dresden,2017-06-11,pro-pegida,1,1,NA,NA,NA,NA,NA
Dresden,2017-06-12,pro-pegida,1,1,2000,2000,2000,NA,NA
Dresden,2017-06-19,pro-pegida,1,1,NA,NA,NA,3,NA
Dresden,2017-06-19,anti-pegida,1,1,NA,NA,NA,NA,NA
Dresden,2017-06-26,pro-pegida,1,1,2000,2000,2000,NA,0
Dresden,2017-06-26,anti-pegida,1,1,24,24,24,NA,0
Dresden,2017-07-03,pro-pegida,2,1,1500,2000,1000,3,0
Dresden,2017-07-03,anti-pegida,2,1,200,200,200,NA,0
Dresden,2017-07-10,pro-pegida,1,1,1500,1500,1500,NA,NA
Dresden,2017-07-10,anti-pegida,1,1,80,80,80,NA,NA
Dresden,2017-07-17,pro-pegida,6,1,260,500,200,0,0
Dresden,2017-07-17,anti-pegida,2,1,62,100,24,0,0
Dresden,2017-07-24,pro-pegida,1,1,1000,1000,1000,NA,NA
Dresden,2017-07-24,anti-pegida,1,1,100,100,100,NA,NA
Dresden,2017-07-31,pro-pegida,1,1,1400,1400,1400,NA,NA
Dresden,2017-08-07,pro-pegida,1,1,1500,1500,1500,NA,NA
Dresden,2017-08-14,pro-pegida,1,1,1500,1500,1500,NA,NA
Dresden,2017-08-21,pro-pegida,1,1,1500,1500,1500,NA,NA
Dresden,2017-08-28,pro-pegida,1,1,NA,NA,NA,NA,NA
Dresden,2017-09-04,pro-pegida,1,1,1500,1500,1500,NA,NA
Dresden,2017-09-08,pro-pegida,2,1,12,12,12,NA,0
Dresden,2017-09-19,pro-pegida,1,1,NA,NA,NA,NA,NA
Dresden,2017-09-19,anti-pegida,1,3,NA,NA,NA,NA,NA
Dresden,2017-09-25,pro-pegida,1,1,1500,1500,1500,NA,NA
Dresden,2017-10-17,pro-pegida,1,1,2000,2000,2000,NA,NA
Dresden,2017-10-28,pro-pegida,4,1,2967,3000,2900,NA,1
Dresden,2017-10-28,anti-pegida,3,1,3000,3000,3000,NA,1
Dresden,2017-11-13,pro-pegida,1,1,1500,1500,1500,NA,NA
Dresden,2017-11-13,anti-pegida,1,1,24,24,24,NA,NA
Dresden,2018-02-02,anti-pegida,1,1,200,200,200,NA,NA
Duisburg,2015-01-19,pro-pegida,9,1,429,600,150,NA,0
Duisburg,2015-01-19,anti-pegida,11,1,3750,4000,3000,4,2
Duisburg,2015-01-20,pro-pegida,2,1,430,600,260,2,2
Duisburg,2015-01-20,anti-pegida,2,1,3300,3600,3000,NA,0
Duisburg,2015-01-26,pro-pegida,5,1,533,1000,300,NA,1
Duisburg,2015-01-26,anti-pegida,3,1,600,900,300,NA,1
Duisburg,2015-01-27,anti-pegida,2,1,2000,2000,2000,NA,NA
Duisburg,2015-02-02,pro-pegida,2,1,150,170,130,0,0
Duisburg,2015-02-02,anti-pegida,2,1,300,300,300,0,0
Duisburg,2015-02-09,pro-pegida,1,1,100,100,100,NA,NA
Duisburg,2015-02-09,anti-pegida,1,1,300,300,300,NA,NA
Duisburg,2015-10-12,pro-pegida,1,1,200,200,200,NA,0
Duisburg,2015-10-12,anti-pegida,1,1,50,50,50,NA,1
Duisburg,2015-11-09,pro-pegida,1,1,350,350,350,NA,0
Duisburg,2015-11-09,anti-pegida,1,1,450,450,450,2,2
Duisburg,2015-12-07,pro-pegida,2,1,150,150,150,NA,0
Duisburg,2015-12-07,anti-pegida,2,1,400,400,400,4,2
Duisburg,2016-01-18,pro-pegida,1,1,350,350,350,NA,0
Duisburg,2016-01-18,anti-pegida,1,1,450,450,450,NA,0
Duisburg,2016-01-25,pro-pegida,1,1,330,330,330,NA,2
Duisburg,2016-01-25,anti-pegida,1,1,120,120,120,NA,1
Duisburg,2016-02-01,pro-pegida,1,1,300,300,300,NA,1
Duisburg,2016-02-01,anti-pegida,1,1,150,150,150,NA,2
Duisburg,2016-02-15,pro-pegida,1,1,NA,NA,NA,NA,0
Duisburg,2016-02-15,anti-pegida,1,1,300,300,300,NA,0
Duisburg,2016-03-14,anti-pegida,1,1,300,300,300,0,0
Düsseldorf,2014-12-08,pro-pegida,15,1,435,500,400,0,0
Düsseldorf,2014-12-08,anti-pegida,9,1,893,1100,400,0,0
Düsseldorf,2014-12-09,pro-pegida,2,1,450,450,450,NA,0
Düsseldorf,2014-12-09,anti-pegida,1,1,750,750,750,NA,0
Düsseldorf,2015-01-12,pro-pegida,19,1,244,350,150,NA,0
Düsseldorf,2015-01-12,anti-pegida,20,2,4933,5500,2000,4,0
Düsseldorf,2015-01-13,pro-pegida,3,1,200,200,200,NA,0
Düsseldorf,2015-01-13,anti-pegida,3,1,5333,5500,5000,NA,0
Düsseldorf,2015-01-14,anti-pegida,1,1,3500,3500,3500,NA,0
Düsseldorf,2015-01-19,pro-pegida,7,1,480,1500,120,NA,0
Düsseldorf,2015-01-19,anti-pegida,7,1,873,1500,120,NA,0
Düsseldorf,2015-01-20,pro-pegida,3,1,157,160,150,0,0
Düsseldorf,2015-01-20,anti-pegida,2,1,1000,1000,1000,0,0
Düsseldorf,2015-01-26,pro-pegida,2,1,110,110,110,NA,0
Düsseldorf,2015-01-26,anti-pegida,2,1,600,600,600,NA,0
Düsseldorf,2015-01-27,pro-pegida,2,1,100,100,100,NA,NA
Düsseldorf,2015-01-27,anti-pegida,2,1,NA,NA,NA,NA,NA
Düsseldorf,2015-02-02,pro-pegida,3,1,80,80,80,NA,0
Düsseldorf,2015-02-02,anti-pegida,2,1,800,800,800,NA,2
Düsseldorf,2015-02-19,anti-pegida,1,1,30,30,30,NA,NA
Düsseldorf,2015-02-23,pro-pegida,1,1,NA,NA,NA,NA,0
Düsseldorf,2015-02-23,anti-pegida,1,1,NA,NA,NA,NA,0
Düsseldorf,2015-02-25,pro-pegida,4,1,50,50,50,0,0
Düsseldorf,2015-02-25,anti-pegida,4,1,725,800,700,0,0
Düsseldorf,2015-02-26,pro-pegida,4,1,50,50,50,0,0
Düsseldorf,2015-02-26,anti-pegida,4,1,750,800,700,0,0
Düsseldorf,2015-09-18,pro-pegida,1,1,128,128,128,NA,0
Düsseldorf,2015-09-18,anti-pegida,1,1,1200,1200,1200,NA,0
Düsseldorf,2016-04-02,anti-pegida,1,1,NA,NA,NA,NA,NA
Erfurt,2015-01-25,pro-pegida,1,1,1000,1000,1000,NA,0
Erfurt,2015-01-25,anti-pegida,1,1,600,600,600,NA,0
Erfurt,2015-01-26,pro-pegida,3,1,1000,1000,1000,NA,0
Erfurt,2015-01-26,anti-pegida,3,1,600,600,600,2,2
Erfurt,2015-03-23,pro-pegida,3,1,200,200,200,NA,0
Erfurt,2015-03-23,anti-pegida,3,1,333,400,300,NA,0
Erfurt,2015-04-13,pro-pegida,3,1,125,150,100,NA,0
Erfurt,2015-04-13,anti-pegida,3,1,317,350,300,NA,0
Flensburg,2015-01-19,anti-pegida,1,1,NA,NA,NA,NA,NA
Frankfurt am Main,2015-01-05,anti-pegida,1,1,350,350,350,2,2
Frankfurt am Main,2015-01-26,pro-pegida,6,1,97,120,70,3,0
Frankfurt am Main,2015-01-26,anti-pegida,6,2,14167,16500,4000,4,2
Frankfurt am Main,2015-02-02,pro-pegida,1,1,90,90,90,NA,0
Frankfurt am Main,2015-02-02,anti-pegida,1,2,1700,1700,1700,4,2
Frankfurt am Main,2015-02-09,pro-pegida,2,1,110,110,110,NA,1
Frankfurt am Main,2015-02-09,anti-pegida,2,1,980,1000,960,4,2
Frankfurt am Main,2015-02-23,pro-pegida,2,1,60,60,60,3,0
Frankfurt am Main,2015-02-23,anti-pegida,2,1,850,1000,700,4,2
Frankfurt am Main,2015-03-02,pro-pegida,1,1,80,80,80,NA,0
Frankfurt am Main,2015-03-02,anti-pegida,1,1,550,550,550,2,2
Frankfurt am Main,2015-03-23,pro-pegida,1,1,50,50,50,NA,0
Frankfurt am Main,2015-03-23,anti-pegida,1,1,500,500,500,2,2
Frankfurt am Main,2015-05-11,pro-pegida,1,1,30,30,30,NA,NA
Frankfurt am Main,2015-05-11,anti-pegida,1,1,200,200,200,NA,NA
Frankfurt am Main,2015-05-18,pro-pegida,1,1,30,30,30,0,0
Frankfurt am Main,2015-05-18,anti-pegida,1,2,850,850,850,1,0
Frankfurt am Main,2015-06-20,pro-pegida,1,1,250,250,250,4,2
Frankfurt am Main,2015-06-20,anti-pegida,1,1,2000,2000,2000,4,2
Freiburg,2015-01-23,anti-pegida,8,1,20000,20000,20000,1,1
Freiburg,2015-01-24,anti-pegida,1,1,20000,20000,20000,0,0
Freiburg,2015-01-28,anti-pegida,1,1,20000,20000,20000,NA,NA
Fürth,2016-10-14,pro-pegida,2,1,NA,NA,NA,NA,NA
Fürth,2016-10-14,anti-pegida,2,1,NA,NA,NA,2,2
Fürth,2016-11-11,pro-pegida,4,1,32,35,30,NA,NA
Fürth,2016-11-11,anti-pegida,2,1,170,170,170,NA,NA
Fürth,2017-02-10,pro-pegida,1,1,NA,NA,NA,NA,NA
Görlitz,2014-12-20,anti-pegida,1,1,300,300,300,NA,NA
Görlitz,2014-12-22,anti-pegida,1,1,200,200,200,NA,NA
Görlitz,2015-06-10,pro-pegida,1,1,1000,1000,1000,NA,NA
Görlitz,2015-06-10,anti-pegida,1,1,500,500,500,NA,NA
Görlitz,2015-11-14,pro-pegida,2,1,2833,2833,2833.333333333333,3,1
Görlitz,2015-11-14,anti-pegida,2,1,150,150,150,0,0
Görlitz,2015-12-26,pro-pegida,1,1,350,350,350,0,NA
Halle,2015-11-02,pro-pegida,1,1,480,480,480,0,0
Halle,2015-11-02,anti-pegida,1,1,400,400,400,0,0
Halle,2015-11-09,pro-pegida,1,1,320,320,320,4,2
Halle,2015-11-09,anti-pegida,1,1,470,470,470,4,2
Halle,2015-12-08,pro-pegida,1,1,NA,NA,NA,NA,NA
Hamburg,2015-01-05,anti-pegida,5,1,3800,5000,1000,0,NA
Hamburg,2015-01-06,anti-pegida,2,1,3500,5000,2000,NA,NA
Hannover,2015-01-12,pro-pegida,3,1,200,200,200,NA,NA
Hannover,2015-01-12,anti-pegida,4,1,18500,19000,17000,NA,NA
Hannover,2015-01-26,anti-pegida,1,1,NA,NA,NA,NA,NA
Hannover,2015-11-16,pro-pegida,1,1,120,120,120,NA,0
Hannover,2015-11-16,anti-pegida,1,1,100,100,100,2,2
Hannover,2015-11-30,pro-pegida,1,1,30,30,30,NA,0
Hannover,2015-11-30,anti-pegida,1,1,100,100,100,2,2
Hannover,2016-01-11,pro-pegida,2,1,150,150,150,0,0
Hannover,2016-01-11,anti-pegida,2,1,70,70,70,0,0
Hannover,2016-03-07,pro-pegida,1,1,100,100,100,0,0
Hannover,2016-03-07,anti-pegida,1,1,225,225,225,2,2
Hannover,2016-05-02,pro-pegida,1,1,70,70,70,0,0
Hannover,2016-05-02,anti-pegida,1,1,200,200,200,0,0
Hannover,2016-09-03,pro-pegida,1,1,40,40,40,0,0
Hannover,2016-09-03,anti-pegida,1,1,70,70,70,0,1
Heidelberg,2015-01-12,anti-pegida,1,1,4000,4000,4000,NA,NA
Heidelberg,2015-01-26,anti-pegida,1,1,500,500,500,NA,NA
Heidelberg,2015-01-27,anti-pegida,1,1,NA,NA,NA,NA,NA
Heidelberg,2015-10-24,pro-pegida,1,1,30,30,30,0,0
Heidelberg,2015-10-24,anti-pegida,1,1,2000,2000,2000,0,0
Jena,2016-04-20,pro-pegida,7,1,200,200,200,4,2
Jena,2016-04-20,anti-pegida,7,1,3000,4000,2000,4,2
Karlsruhe,2015-01-26,anti-pegida,5,1,1000,1000,1000,NA,NA
Karlsruhe,2015-02-24,pro-pegida,6,1,180,200,100,2,2
Karlsruhe,2015-02-24,anti-pegida,6,1,600,700,200,2,2
Karlsruhe,2015-03-03,pro-pegida,2,1,200,200,200,0,0
Karlsruhe,2015-03-03,anti-pegida,2,1,500,500,500,4,2
Karlsruhe,2015-03-09,pro-pegida,1,1,200,200,200,0,0
Karlsruhe,2015-03-09,anti-pegida,1,1,600,600,600,0,0
Karlsruhe,2015-03-31,pro-pegida,5,1,116,120,100,0,0
Karlsruhe,2015-03-31,anti-pegida,5,1,NA,NA,NA,2,2
Karlsruhe,2015-04-14,pro-pegida,1,1,120,120,120,NA,0
Karlsruhe,2015-04-14,anti-pegida,1,1,360,360,360,NA,2
Karlsruhe,2015-04-28,pro-pegida,2,1,100,100,100,3,NA
Karlsruhe,2015-04-28,anti-pegida,2,1,24,24,24,3,NA
Karlsruhe,2015-05-12,pro-pegida,1,1,120,120,120,NA,2
Karlsruhe,2015-05-12,anti-pegida,1,1,600,600,600,NA,2
Karlsruhe,2015-05-19,pro-pegida,2,1,70,70,70,NA,0
Karlsruhe,2015-05-19,anti-pegida,1,1,NA,NA,NA,1,2
Karlsruhe,2015-07-28,pro-pegida,1,1,60,60,60,0,NA
Karlsruhe,2015-07-28,anti-pegida,1,1,200,200,200,0,NA
Karlsruhe,2015-11-03,pro-pegida,3,1,60,60,60,NA,NA
Kassel,2014-12-01,pro-pegida,1,1,NA,NA,NA,NA,NA
Kassel,2014-12-01,anti-pegida,1,1,NA,NA,NA,NA,NA
Kassel,2014-12-20,anti-pegida,1,1,NA,NA,NA,NA,NA
Kassel,2014-12-22,pro-pegida,6,1,165,165,165,NA,0
Kassel,2014-12-22,anti-pegida,6,1,2000,2000,2000,0,0
Kassel,2015-01-05,pro-pegida,1,1,200,200,200,NA,NA
Kassel,2015-01-05,anti-pegida,1,1,250,250,250,NA,NA
Kassel,2015-01-19,pro-pegida,3,1,200,200,200,NA,0
Kassel,2015-01-19,anti-pegida,2,1,550,550,550,NA,0
Kassel,2015-02-01,pro-pegida,1,1,56,56,56,NA,0
Kassel,2015-02-01,anti-pegida,1,1,170,170,170,NA,0
Kassel,2015-02-02,anti-pegida,3,1,2000,2000,2000,NA,NA
Kassel,2015-02-23,pro-pegida,1,1,60,60,60,NA,NA
Köln,2014-12-14,anti-pegida,8,1,15375,16000,15000,0,0
Köln,2014-12-15,anti-pegida,1,1,16000,16000,16000,0,NA
Köln,2015-01-05,pro-pegida,24,1,379,500,200,0,0
Köln,2015-01-05,anti-pegida,29,1,3274,8750,2000,2,2
Köln,2015-01-06,pro-pegida,2,1,200,200,200,NA,0
Köln,2015-01-06,anti-pegida,2,1,2000,2000,2000,NA,0
Köln,2015-01-07,pro-pegida,1,1,500,500,500,NA,0
Köln,2015-01-07,anti-pegida,1,1,6000,6000,6000,NA,0
Köln,2015-01-14,pro-pegida,5,1,136,150,80,1,1
Köln,2015-01-14,anti-pegida,5,1,5800,6500,3000,0,1
Köln,2015-01-15,pro-pegida,1,1,150,150,150,NA,0
Köln,2015-01-21,pro-pegida,3,1,123,200,70,0,2
Köln,2015-01-21,anti-pegida,3,1,1167,1500,1000,0,0
Köln,2015-01-28,anti-pegida,1,1,400,400,400,NA,NA
Köln,2015-10-25,pro-pegida,3,1,1167,1500,1000,3,2
Köln,2015-10-25,anti-pegida,3,1,13333,15000,10000,3,2
Köln,2016-01-09,pro-pegida,15,2,1943,3400,1700,4,2
Köln,2016-01-09,anti-pegida,13,1,1517,2650,1300,4,2
Köln,2016-01-10,pro-pegida,2,1,1700,1700,1700,4,2
Köln,2016-01-10,anti-pegida,1,1,1500,1500,1500,NA,NA
Köln,2016-01-11,pro-pegida,4,1,1700,1700,1700,4,2
Köln,2016-01-11,anti-pegida,1,1,1300,1300,1300,NA,NA
Leipzig,2015-01-12,pro-pegida,15,1,4079,5700,2000,3,2
Leipzig,2015-01-12,anti-pegida,15,4,30664,37300,20000,3,2
Leipzig,2015-01-15,anti-pegida,9,1,600,600,600,2,2
Leipzig,2015-01-19,anti-pegida,4,1,3875,5000,500,NA,NA
Leipzig,2015-01-21,pro-pegida,18,1,13500,15000,10000,3,0
Leipzig,2015-01-21,anti-pegida,18,1,16824,20000,2000,4,2
Leipzig,2015-01-26,anti-pegida,2,1,2000,2000,2000,NA,NA
Leipzig,2015-01-30,pro-pegida,7,1,1583,2000,1500,NA,0
Leipzig,2015-01-30,anti-pegida,7,1,5000,5000,5000,2,2
Leipzig,2015-02-09,pro-pegida,4,1,150,200,100,4,2
Leipzig,2015-02-09,anti-pegida,3,1,NA,NA,NA,4,2
Leipzig,2015-02-16,pro-pegida,1,1,650,650,650,NA,0
Leipzig,2015-02-16,anti-pegida,1,1,2000,2000,2000,NA,0
Leipzig,2015-02-23,pro-pegida,2,1,200,200,200,NA,0
Leipzig,2015-02-23,anti-pegida,2,1,200,200,200,NA,0
Leipzig,2015-03-02,pro-pegida,3,1,900,1000,700,3,0
Leipzig,2015-03-02,anti-pegida,3,1,1000,1000,1000,3,0
Leipzig,2015-03-23,pro-pegida,2,1,938,1000,875,NA,NA
Leipzig,2015-03-23,anti-pegida,2,1,938,1000,875,NA,NA
Leipzig,2015-03-30,pro-pegida,1,1,600,600,600,NA,NA
Leipzig,2015-04-27,pro-pegida,1,1,300,300,300,4,2
Leipzig,2015-04-27,anti-pegida,1,1,450,450,450,4,2
Leipzig,2015-05-04,pro-pegida,1,1,300,300,300,NA,0
Leipzig,2015-05-04,anti-pegida,1,1,600,600,600,NA,0
Leipzig,2015-06-17,pro-pegida,1,1,400,400,400,NA,NA
Leipzig,2015-07-06,pro-pegida,2,1,800,800,800,3,0
Leipzig,2015-07-06,anti-pegida,2,1,800,800,800,3,0
Leipzig,2015-08-03,pro-pegida,1,1,600,600,600,NA,0
Leipzig,2015-08-03,anti-pegida,1,1,1000,1000,1000,3,0
Leipzig,2015-08-31,pro-pegida,2,1,600,600,600,NA,2
Leipzig,2015-08-31,anti-pegida,2,1,3000,3000,3000,4,2
Leipzig,2015-09-07,pro-pegida,1,1,500,500,500,NA,0
Leipzig,2015-09-07,anti-pegida,1,2,1500,1500,1500,NA,2
Leipzig,2015-09-21,pro-pegida,1,1,700,700,700,0,0
Leipzig,2015-09-21,anti-pegida,1,1,1500,1500,1500,0,0
Leipzig,2015-09-26,pro-pegida,1,1,350,350,350,NA,NA
Leipzig,2015-09-26,anti-pegida,1,1,2000,2000,2000,2,NA
Leipzig,2015-10-05,pro-pegida,1,1,600,600,600,0,0
Leipzig,2015-10-05,anti-pegida,1,1,NA,NA,NA,0,0
Leipzig,2015-12-07,pro-pegida,1,1,300,300,300,NA,NA
Leipzig,2015-12-13,pro-pegida,1,1,150,150,150,NA,0
Leipzig,2015-12-13,anti-pegida,1,2,200,200,200,4,2
Leipzig,2016-01-04,pro-pegida,1,1,300,300,300,0,0
Leipzig,2016-01-04,anti-pegida,1,1,400,400,400,0,0
Leipzig,2016-01-11,pro-pegida,21,2,1930,3650,200,3,2
Leipzig,2016-01-11,anti-pegida,18,2,2358,5000,200,4,2
Leipzig,2016-02-01,pro-pegida,1,1,700,700,700,3,0
Leipzig,2016-02-01,anti-pegida,1,1,1000,1000,1000,3,NA
Leipzig,2016-03-07,pro-pegida,3,1,800,800,800,3,NA
Leipzig,2016-03-07,anti-pegida,3,2,1467,1700,1200,NA,0
Leipzig,2016-04-04,pro-pegida,1,1,555,555,555,NA,0
Leipzig,2016-04-04,anti-pegida,1,1,1300,1300,1300,NA,0
Leipzig,2016-06-06,pro-pegida,1,1,400,400,400,0,0
Leipzig,2016-06-06,anti-pegida,1,2,650,650,650,0,0
Leipzig,2016-07-09,pro-pegida,1,1,140,140,140,0,0
Leipzig,2016-07-09,anti-pegida,1,1,100,100,100,0,0
Leipzig,2016-09-05,pro-pegida,1,1,200,200,200,0,0
Leipzig,2016-09-05,anti-pegida,1,1,200,200,200,3,0
Leipzig,2017-01-09,pro-pegida,1,1,400,400,400,NA,0
Leipzig,2017-01-09,anti-pegida,1,1,2000,2000,2000,NA,0
Leverkusen,2015-02-04,anti-pegida,1,1,30,30,30,NA,NA
Lübeck,2015-01-17,anti-pegida,1,1,4500,4500,4500,NA,NA
Ludwigshafen am Rhein,2017-08-30,pro-pegida,1,1,24,24,24,0,NA
Magdeburg,2015-01-19,pro-pegida,9,1,600,600,600,NA,0
Magdeburg,2015-01-19,anti-pegida,11,1,5700,7000,2000,NA,0
Magdeburg,2015-02-02,pro-pegida,2,1,600,600,600,NA,NA
Magdeburg,2015-02-02,anti-pegida,2,1,2000,2000,2000,NA,NA
Magdeburg,2015-02-09,pro-pegida,1,1,380,380,380,NA,0
Magdeburg,2015-02-09,anti-pegida,1,1,900,900,900,NA,0
Magdeburg,2015-02-16,pro-pegida,1,1,780,780,780,NA,NA
Magdeburg,2015-02-16,anti-pegida,1,1,700,700,700,NA,NA
Magdeburg,2016-01-16,pro-pegida,1,1,230,230,230,NA,0
Magdeburg,2016-01-16,anti-pegida,1,1,NA,NA,NA,NA,2
Mainz,2015-01-12,anti-pegida,6,1,1750,2500,1500,0,0
Mainz,2016-02-20,pro-pegida,3,1,35,35,35,NA,NA
Mainz,2016-02-20,anti-pegida,3,1,300,300,300,3,2
Mainz,2016-02-22,pro-pegida,1,1,25,25,25,NA,NA
Mainz,2016-02-22,anti-pegida,1,1,500,500,500,NA,NA
Mannheim,2015-01-17,anti-pegida,3,1,11917,12000,11750,0,0
Mönchengladbach,2015-10-30,pro-pegida,4,1,100,100,100,0,0
Mönchengladbach,2015-10-30,anti-pegida,2,1,300,300,300,0,0
Mönchengladbach,2015-10-31,pro-pegida,1,1,NA,NA,NA,NA,NA
Mönchengladbach,2015-12-04,pro-pegida,1,1,100,100,100,0,0
Mönchengladbach,2015-12-04,anti-pegida,1,1,300,300,300,0,0
Mönchengladbach,2016-01-08,pro-pegida,1,1,230,230,230,0,0
Mönchengladbach,2016-01-08,anti-pegida,1,1,300,300,300,0,0
Mönchengladbach,2016-03-11,pro-pegida,2,1,90,90,90,NA,NA
München,2014-12-22,pro-pegida,4,1,24,36,20,NA,0
München,2014-12-22,anti-pegida,15,2,17650,19000,12000,NA,0
München,2014-12-30,anti-pegida,2,1,400,400,400,NA,0
München,2015-01-05,pro-pegida,4,1,278,350,60,NA,NA
München,2015-01-05,anti-pegida,4,1,1625,2000,1500,NA,NA
München,2015-01-12,pro-pegida,6,2,11125,21500,1500,3,2
München,2015-01-12,anti-pegida,15,1,18423,20000,1500,2,2
München,2015-01-13,pro-pegida,1,1,1500,1500,1500,NA,0
München,2015-01-13,anti-pegida,2,1,20000,20000,20000,2,2
München,2015-01-19,pro-pegida,4,1,4300,11000,800,2,2
München,2015-01-19,anti-pegida,11,1,9700,12500,1100,NA,2
München,2015-01-26,pro-pegida,1,1,850,850,850,NA,2
München,2015-01-26,anti-pegida,2,1,2300,2300,2300,4,2
München,2015-02-02,pro-pegida,2,1,350,350,350,NA,0
München,2015-02-02,anti-pegida,2,1,7900,15000,800,NA,2
München,2015-02-09,anti-pegida,1,1,NA,NA,NA,NA,NA
München,2015-07-20,pro-pegida,2,1,160,170,150,NA,2
München,2015-07-20,anti-pegida,2,1,1300,1300,1300,NA,1
München,2015-08-29,anti-pegida,2,1,150,150,150,NA,NA
München,2015-10-05,pro-pegida,2,1,180,180,180,NA,0
München,2015-10-05,anti-pegida,1,1,NA,NA,NA,NA,NA
München,2015-10-19,pro-pegida,4,1,250,250,250,2,2
München,2015-10-19,anti-pegida,3,1,600,600,600,2,2
München,2015-10-28,pro-pegida,1,1,200,200,200,NA,0
München,2015-10-28,anti-pegida,1,1,350,350,350,NA,1
München,2015-11-09,pro-pegida,2,1,100,100,100,NA,0
München,2015-11-09,anti-pegida,5,1,3000,3000,3000,NA,0
München,2016-01-11,pro-pegida,5,1,412,450,400,NA,2
München,2016-01-11,anti-pegida,5,1,762,1050,500,NA,2
München,2016-05-02,pro-pegida,1,1,90,90,90,NA,0
München,2016-05-13,pro-pegida,2,1,8,10,5,NA,0
München,2016-07-18,pro-pegida,1,1,120,120,120,NA,0
München,2016-07-18,anti-pegida,1,1,200,200,200,NA,2
München,2016-08-01,pro-pegida,2,1,140,140,140,NA,0
München,2016-08-01,anti-pegida,1,1,NA,NA,NA,NA,2
München,2016-08-22,pro-pegida,1,1,NA,NA,NA,NA,NA
München,2016-11-07,pro-pegida,1,1,100,100,100,NA,NA
München,2016-11-07,anti-pegida,1,1,400,400,400,NA,NA
München,2017-01-16,pro-pegida,1,1,60,60,60,NA,NA
München,2017-01-16,anti-pegida,1,1,600,600,600,NA,NA
München,2017-02-13,pro-pegida,1,1,NA,NA,NA,NA,NA
München,2017-02-13,anti-pegida,1,1,NA,NA,NA,2,2
München,2017-11-03,pro-pegida,1,1,24,24,24,NA,0
München,2017-11-04,pro-pegida,1,1,24,24,24,NA,0
Münster,2015-01-05,anti-pegida,13,1,9200,10000,2000,NA,NA
Nürnberg,2014-12-23,anti-pegida,1,1,7000,7000,7000,0,0
Nürnberg,2014-12-24,anti-pegida,1,1,200,200,200,0,0
Nürnberg,2015-01-12,anti-pegida,1,1,400,400,400,NA,NA
Nürnberg,2015-01-19,anti-pegida,3,1,2700,2700,2700,0,0
Nürnberg,2015-02-16,pro-pegida,12,1,150,150,150,NA,0
Nürnberg,2015-02-16,anti-pegida,10,1,1244,1500,1000,NA,2
Nürnberg,2015-03-05,pro-pegida,3,1,60,60,60,0,0
Nürnberg,2015-03-05,anti-pegida,3,1,1000,1000,1000,3,2
Nürnberg,2015-03-06,pro-pegida,2,1,60,60,60,0,0
Nürnberg,2015-03-06,anti-pegida,2,1,1000,1000,1000,0,0
Nürnberg,2015-03-09,pro-pegida,3,1,40,40,40,0,0
Nürnberg,2015-03-09,anti-pegida,3,1,600,600,600,2,2
Nürnberg,2015-03-12,pro-pegida,1,1,50,50,50,0,0
Nürnberg,2015-03-12,anti-pegida,1,1,500,500,500,0,0
Nürnberg,2015-03-19,pro-pegida,1,1,70,70,70,NA,0
Nürnberg,2015-03-19,anti-pegida,1,1,250,250,250,NA,0
Nürnberg,2015-03-26,pro-pegida,2,1,55,60,50,0,0
Nürnberg,2015-03-26,anti-pegida,2,1,500,500,500,0,0
Nürnberg,2015-04-09,pro-pegida,2,1,70,70,70,0,0
Nürnberg,2015-04-09,anti-pegida,2,1,300,300,300,0,0
Nürnberg,2015-04-16,pro-pegida,1,1,70,70,70,0,0
Nürnberg,2015-04-16,anti-pegida,1,1,350,350,350,0,0
Nürnberg,2015-04-23,pro-pegida,1,1,50,50,50,0,0
Nürnberg,2015-04-23,anti-pegida,1,1,150,150,150,0,0
Nürnberg,2015-05-07,pro-pegida,1,1,50,50,50,0,0
Nürnberg,2015-05-07,anti-pegida,1,1,200,200,200,0,0
Nürnberg,2015-05-21,pro-pegida,1,1,100,100,100,0,0
Nürnberg,2015-05-21,anti-pegida,1,1,300,300,300,0,0
Nürnberg,2015-10-24,pro-pegida,2,1,100,100,100,NA,0
Nürnberg,2015-10-24,anti-pegida,2,2,525,550,500,NA,0
Nürnberg,2015-10-26,pro-pegida,3,1,120,120,120,NA,0
Nürnberg,2015-10-26,anti-pegida,3,1,350,350,350,NA,0
Nürnberg,2015-10-31,pro-pegida,3,1,130,130,130,0,0
Nürnberg,2015-10-31,anti-pegida,2,1,500,500,500,0,0
Nürnberg,2015-11-02,pro-pegida,1,1,130,130,130,0,0
Nürnberg,2015-11-02,anti-pegida,1,1,500,500,500,0,0
Nürnberg,2016-01-16,pro-pegida,4,1,175,200,150,0,0
Nürnberg,2016-01-16,anti-pegida,4,1,600,600,600,2,2
Nürnberg,2016-01-18,pro-pegida,2,1,200,200,200,NA,0
Nürnberg,2016-01-18,anti-pegida,2,1,600,600,600,2,2
Nürnberg,2016-01-31,pro-pegida,4,1,500,500,500,NA,NA
Nürnberg,2016-02-15,pro-pegida,1,1,150,150,150,0,0
Nürnberg,2016-02-15,anti-pegida,1,1,250,250,250,0,0
Nürnberg,2017-02-17,pro-pegida,1,1,10,10,10,0,0
Nürnberg,2017-02-17,anti-pegida,1,1,150,150,150,0,0
Nürnberg,2017-03-26,pro-pegida,1,1,100,100,100,NA,NA
Nürnberg,2017-03-26,anti-pegida,1,1,120,120,120,NA,NA
Osnabrück,2015-01-19,anti-pegida,2,1,2000,2000,2000,NA,NA
Paderborn,2015-01-01,anti-pegida,3,1,200,200,200,0,NA
Paderborn,2015-02-07,anti-pegida,2,1,400,400,400,NA,NA
Plauen,2015-10-04,pro-pegida,1,1,5000,5000,5000,NA,NA
Potsdam,2015-01-18,anti-pegida,1,1,300,300,300,NA,NA
Potsdam,2016-01-11,pro-pegida,9,1,123,220,100,0,0
Potsdam,2016-01-11,anti-pegida,9,2,388,1000,200,4,2
Potsdam,2016-01-20,pro-pegida,4,1,212,300,150,NA,2
Potsdam,2016-01-20,anti-pegida,4,1,1025,1100,1000,3,0
Potsdam,2016-01-27,pro-pegida,1,1,NA,NA,NA,NA,NA
Potsdam,2016-01-27,anti-pegida,1,1,NA,NA,NA,NA,NA
Potsdam,2016-02-03,pro-pegida,4,1,130,150,100,0,2
Potsdam,2016-02-03,anti-pegida,4,2,525,1000,200,2,2
Potsdam,2016-02-05,pro-pegida,1,1,150,150,150,NA,0
Potsdam,2016-02-05,anti-pegida,1,1,700,700,700,2,2
Potsdam,2016-02-10,pro-pegida,1,1,120,120,120,0,0
Potsdam,2016-02-10,anti-pegida,1,1,NA,NA,NA,0,0
Potsdam,2016-02-17,pro-pegida,2,1,80,80,80,NA,0
Potsdam,2016-02-17,anti-pegida,2,1,1000,1000,1000,NA,0
Potsdam,2016-02-18,pro-pegida,1,1,100,100,100,NA,0
Potsdam,2016-02-18,anti-pegida,1,1,200,200,200,4,2
Potsdam,2016-02-24,pro-pegida,3,1,72,75,70,0,0
Potsdam,2016-02-24,anti-pegida,3,1,933,1000,800,0,0
Potsdam,2016-03-09,pro-pegida,3,1,73,100,60,0,0
Potsdam,2016-03-09,anti-pegida,3,1,350,500,200,0,0
Potsdam,2016-04-07,pro-pegida,1,1,50,50,50,0,0
Potsdam,2016-04-07,anti-pegida,1,1,500,500,500,0,0
Potsdam,2016-08-20,pro-pegida,1,1,50,50,50,0,0
Potsdam,2016-08-20,anti-pegida,1,1,300,300,300,0,1
Regensburg,2017-09-09,pro-pegida,3,1,32,35,30,0,0
Regensburg,2017-09-09,anti-pegida,4,1,1750,2000,1000,3,0
Rostock,2015-01-05,anti-pegida,7,1,800,800,800,NA,NA
Rostock,2015-01-06,anti-pegida,1,1,800,800,800,NA,NA
Rostock,2015-01-12,anti-pegida,1,1,2000,2000,2000,NA,NA
Saarbrücken,2015-01-12,pro-pegida,4,1,300,300,300,3,2
Saarbrücken,2015-01-12,anti-pegida,6,2,9017,9050,9000,3,0
Saarbrücken,2015-01-19,pro-pegida,4,1,125,150,100,NA,NA
Saarbrücken,2015-01-19,anti-pegida,4,1,1140,1280,1000,NA,NA
Saarbrücken,2015-11-04,anti-pegida,1,1,1600,1600,1600,NA,0
Schwerin,2015-01-12,pro-pegida,4,1,300,300,300,NA,0
Schwerin,2015-01-12,anti-pegida,4,1,1600,1600,1600,NA,0
Schwerin,2015-01-13,pro-pegida,1,1,NA,NA,NA,NA,NA
Schwerin,2015-01-13,anti-pegida,1,1,NA,NA,NA,NA,NA
Schwerin,2015-01-26,pro-pegida,2,1,500,500,500,NA,0
Schwerin,2015-01-26,anti-pegida,2,1,500,500,500,NA,0
Schwerin,2015-02-09,pro-pegida,2,1,250,250,250,NA,0
Schwerin,2015-02-09,anti-pegida,2,3,225,300,150,2,2
Schwerin,2015-02-23,pro-pegida,1,1,260,260,260,NA,NA
Schwerin,2015-02-23,anti-pegida,1,3,250,250,250,NA,NA
Schwerin,2015-10-17,pro-pegida,2,1,300,300,300,0,0
Stuttgart,2015-01-05,anti-pegida,10,1,7333,8000,2000,NA,NA
Stuttgart,2015-01-07,anti-pegida,5,1,8000,8000,8000,NA,NA
Stuttgart,2015-01-12,anti-pegida,2,1,300,300,300,NA,NA
Stuttgart,2015-05-17,pro-pegida,8,1,200,200,200,NA,0
Stuttgart,2015-05-17,anti-pegida,8,1,4000,4000,4000,4,2
Stuttgart,2015-05-18,pro-pegida,1,1,100,100,100,NA,NA
Stuttgart,2015-05-18,anti-pegida,1,1,3000,3000,3000,NA,NA
Stuttgart,2015-05-19,pro-pegida,1,1,200,200,200,NA,0
Stuttgart,2015-05-19,anti-pegida,1,1,3000,3000,3000,2,2
Trier,2015-01-26,anti-pegida,4,1,925,1000,800,0,0
Trier,2015-01-27,anti-pegida,1,1,800,800,800,NA,NA
Ulm,2015-02-02,anti-pegida,2,1,135,150,120,0,0
Ulm,2015-02-07,anti-pegida,1,1,200,200,200,NA,NA
Wiesbaden,2015-01-19,anti-pegida,6,1,9667,10000,8000,NA,0
Wuppertal,2015-03-14,pro-pegida,28,1,814,1000,800,4,2
Wuppertal,2015-03-14,anti-pegida,20,1,2000,2000,2000,3,2
Würzburg,2014-12-01,pro-pegida,3,1,25,25,25,0,0
Würzburg,2014-12-01,anti-pegida,3,1,250,250,250,0,0
Würzburg,2014-12-08,pro-pegida,4,1,40,40,40,NA,0
Würzburg,2014-12-08,anti-pegida,5,2,420,600,200,0,1
Würzburg,2014-12-15,pro-pegida,3,1,100,100,100,3,NA
Würzburg,2014-12-15,anti-pegida,2,1,NA,NA,NA,3,2
Würzburg,2014-12-22,pro-pegida,5,1,200,200,200,0,0
Würzburg,2014-12-22,anti-pegida,6,2,900,1000,700,3,1
Würzburg,2015-01-05,pro-pegida,6,1,285,300,250,3,2
Würzburg,2015-01-05,anti-pegida,5,3,1606,2330,1400,2,2
Würzburg,2015-01-12,pro-pegida,4,1,275,325,250,3,0
Würzburg,2015-01-12,anti-pegida,5,1,1383,1600,1200,3,0
Würzburg,2015-01-19,pro-pegida,2,1,300,300,300,NA,NA
Würzburg,2015-01-19,anti-pegida,1,2,1500,1500,1500,NA,NA
Würzburg,2015-01-26,pro-pegida,4,1,120,120,120,NA,0
Würzburg,2015-01-26,anti-pegida,3,1,833,900,800,NA,0
Würzburg,2015-02-02,pro-pegida,2,1,120,120,120,NA,0
Würzburg,2015-02-02,anti-pegida,2,1,500,500,500,NA,0
Würzburg,2015-02-09,pro-pegida,1,1,100,100,100,NA,0
Würzburg,2015-02-09,anti-pegida,1,2,510,510,510,NA,0
Würzburg,2015-03-14,anti-pegida,3,1,6000,6000,6000,0,0
Würzburg,2015-03-23,pro-pegida,2,1,60,60,60,NA,0
Würzburg,2015-03-23,anti-pegida,1,1,100,100,100,NA,0
Würzburg,2015-10-12,pro-pegida,4,1,100,100,100,NA,NA
Würzburg,2015-10-12,anti-pegida,1,1,NA,NA,NA,NA,NA
Würzburg,2016-02-06,anti-pegida,1,1,300,300,300,NA,NA
